StartDateTime,Date,Actual_Price,Predicted_Price
2022-01-22,2022-01-22,159.120975,159.120975
2022-01-23,2022-01-23,170.72748,170.72748
2022-01-24,2022-01-24,145.147464,145.147464
2022-01-25,2022-01-25,174.4732,174.4732
2022-01-26,2022-01-26,260.8668,260.8668
2022-01-27,2022-01-27,158.198481,158.198481
2022-01-28,2022-01-28,195.99,195.99
2022-01-29,2022-01-29,82.4076,82.4076
2022-01-30,2022-01-30,192.515625,192.515625
2022-01-31,2022-01-31,92.232675,92.232675
2022-02-01,2022-02-01,99.78,99.78
2022-02-02,2022-02-02,142.7337,142.7337
2022-02-03,2022-02-03,151.788,151.788
2022-02-04,2022-02-04,149.974662,149.974662
2022-02-05,2022-02-05,157.63081,157.63081
2022-02-06,2022-02-06,30.975615,30.975615
2022-02-07,2022-02-07,416.012355,416.012355
2022-02-08,2022-02-08,89.215098,89.215098
2022-02-09,2022-02-09,134.768,134.768
2022-02-10,2022-02-10,135.36834,135.36834
2022-02-11,2022-02-11,165.494864,165.494864
2022-02-12,2022-02-12,45.293235,45.293235
2022-02-13,2022-02-13,189.4542,189.4542
2022-02-14,2022-02-14,160.2432,160.2432
2022-02-15,2022-02-15,114.614938,114.614938
2022-02-16,2022-02-16,33.48,33.48
2022-02-17,2022-02-17,23.4808,23.4808
2022-02-18,2022-02-18,125.83472,125.83472
2022-02-19,2022-02-19,102.6435,102.6435
2022-02-20,2022-02-20,0.0,0.0
2022-02-21,2022-02-21,45.8645,45.8645
2022-02-22,2022-02-22,111.945988,111.945988
2022-02-23,2022-02-23,117.999376,117.999376
2022-02-24,2022-02-24,120.915845,120.915845
2022-02-25,2022-02-25,149.597468,149.597468
2022-02-26,2022-02-26,125.34,125.34
2022-02-27,2022-02-27,113.772854,113.772854
2022-02-28,2022-02-28,121.802298,121.802298
2022-03-01,2022-03-01,219.16576,219.16576
2022-03-02,2022-03-02,191.013732,191.013732
2022-03-03,2022-03-03,236.5152,236.5152
2022-03-04,2022-03-04,326.00016,326.00016
2022-03-05,2022-03-05,335.40639,335.40639
2022-03-06,2022-03-06,354.431959,354.431959
2022-03-07,2022-03-07,361.578801,361.578801
2022-03-08,2022-03-08,99.7887,99.7887
2022-03-09,2022-03-09,125.167725,125.167725
2022-03-10,2022-03-10,365.819223,365.819223
2022-03-11,2022-03-11,125.659996,125.659996
2022-03-12,2022-03-12,269.64,269.64
2022-03-13,2022-03-13,89.946348,89.946348
2022-03-14,2022-03-14,210.3198,210.3198
2022-03-15,2022-03-15,206.067452,206.067452
2022-03-16,2022-03-16,215.3985,215.3985
2022-03-17,2022-03-17,208.7416,208.7416
2022-03-18,2022-03-18,267.322,267.322
2022-03-19,2022-03-19,163.57466,163.57466
2022-03-20,2022-03-20,133.719,133.719
2022-03-21,2022-03-21,178.19108,178.19108
2022-03-22,2022-03-22,165.09671,165.09671
2022-03-23,2022-03-23,182.6679,182.6679
2022-03-24,2022-03-24,213.42038,213.42038
2022-03-25,2022-03-25,218.17498,218.17498
2022-03-26,2022-03-26,211.022424,211.022424
2022-03-27,2022-03-27,242.5194,242.5194
2022-03-28,2022-03-28,197.72415,197.72415
2022-03-29,2022-03-29,182.5803,182.5803
2022-03-30,2022-03-30,227.5858,227.5858
2022-03-31,2022-03-31,199.2095,199.2095
2022-04-01,2022-04-01,221.18384,221.18384
2022-04-02,2022-04-02,275.0462,275.0462
2022-04-03,2022-04-03,268.30624,268.30624
2022-04-04,2022-04-04,154.297168,154.297168
2022-04-05,2022-04-05,160.951062,160.951062
2022-04-06,2022-04-06,104.55,104.55
2022-04-07,2022-04-07,64.981268,64.981268
2022-04-08,2022-04-08,232.988,232.988
2022-04-09,2022-04-09,212.5425,212.5425
2022-04-10,2022-04-10,210.8249,210.8249
2022-04-11,2022-04-11,0.0,0.0
2022-04-12,2022-04-12,176.009147,176.009147
2022-04-13,2022-04-13,195.142786,195.142786
2022-04-14,2022-04-14,172.397412,172.397412
2022-04-15,2022-04-15,150.916896,150.916896
2022-04-16,2022-04-16,150.335616,150.335616
2022-04-17,2022-04-17,125.490048,125.490048
2022-04-18,2022-04-18,108.53328,108.53328
2022-04-19,2022-04-19,141.91536,141.91536
2022-04-20,2022-04-20,155.56875,155.56875
2022-04-21,2022-04-21,143.326861,143.326861
2022-04-22,2022-04-22,141.099588,141.099588
2022-04-23,2022-04-23,133.40186,133.40186
2022-04-24,2022-04-24,158.086245,158.086245
2022-04-25,2022-04-25,165.860015,165.860015
2022-04-26,2022-04-26,143.157,143.157
2022-04-27,2022-04-27,124.854993,124.854993
2022-04-28,2022-04-28,156.259446,156.259446
2022-04-29,2022-04-29,143.757284,143.757284
2022-04-30,2022-04-30,137.773488,137.773488
2022-05-01,2022-05-01,81.926974,81.926974
2022-05-02,2022-05-02,94.955091,94.955091
2022-05-03,2022-05-03,115.098256,115.098256
2022-05-04,2022-05-04,113.29486,113.29486
2022-05-05,2022-05-05,121.916,121.916
2022-05-06,2022-05-06,92.7607,92.7607
2022-05-07,2022-05-07,136.936558,136.936558
2022-05-08,2022-05-08,164.25412,164.25412
2022-05-09,2022-05-09,99.501078,99.501078
2022-05-10,2022-05-10,65.26671,65.26671
2022-05-11,2022-05-11,40.121532,40.121532
2022-05-12,2022-05-12,73.735273,73.735273
2022-05-13,2022-05-13,58.03604,58.03604
2022-05-14,2022-05-14,76.65203,76.65203
2022-05-15,2022-05-15,140.548877,140.548877
2022-05-16,2022-05-16,77.824023,77.824023
2022-05-17,2022-05-17,37.24988,37.24988
2022-05-18,2022-05-18,80.65452,80.65452
2022-05-19,2022-05-19,96.902736,96.902736
2022-05-20,2022-05-20,87.270072,87.270072
2022-05-21,2022-05-21,94.891538,94.891538
2022-05-22,2022-05-22,103.535015,103.535015
2022-05-23,2022-05-23,107.038494,107.038494
2022-05-24,2022-05-24,130.786248,130.786248
2022-05-25,2022-05-25,125.78358,125.78358
2022-05-26,2022-05-26,115.0335,115.0335
2022-05-27,2022-05-27,93.876543,93.876543
2022-05-28,2022-05-28,116.437156,116.437156
2022-05-29,2022-05-29,131.481068,131.481068
2022-05-30,2022-05-30,143.249015,143.249015
2022-05-31,2022-05-31,135.58545,135.58545
2022-06-01,2022-06-01,134.893177,134.893177
2022-06-02,2022-06-02,131.319936,131.319936
2022-06-03,2022-06-03,127.0076,127.0076
2022-06-04,2022-06-04,131.942076,131.942076
2022-06-05,2022-06-05,124.611164,124.611164
2022-06-06,2022-06-06,150.472888,150.472888
2022-06-07,2022-06-07,147.498404,147.498404
2022-06-08,2022-06-08,124.99158,124.99158
2022-06-09,2022-06-09,115.8992,115.8992
2022-06-10,2022-06-10,60.23367,60.23367
2022-06-11,2022-06-11,0.44278,0.44278
2022-06-12,2022-06-12,105.0543,105.0543
2022-06-13,2022-06-13,123.810336,123.810336
2022-06-14,2022-06-14,143.651456,143.651456
2022-06-15,2022-06-15,148.76316,148.76316
2022-06-16,2022-06-16,167.466879,167.466879
2022-06-17,2022-06-17,194.715756,194.715756
2022-06-18,2022-06-18,162.431,162.431
2022-06-19,2022-06-19,173.791664,173.791664
2022-06-20,2022-06-20,150.116992,150.116992
2022-06-21,2022-06-21,162.5022,162.5022
2022-06-22,2022-06-22,159.589196,159.589196
2022-06-23,2022-06-23,175.06163,175.06163
2022-06-24,2022-06-24,173.96354,173.96354
2022-06-25,2022-06-25,158.02644,158.02644
2022-06-26,2022-06-26,107.960364,107.960364
2022-06-27,2022-06-27,136.5174,136.5174
2022-06-28,2022-06-28,64.47,64.47
2022-06-29,2022-06-29,131.622139,131.622139
2022-06-30,2022-06-30,141.056802,141.056802
2022-07-01,2022-07-01,147.0771,147.0771
2022-07-02,2022-07-02,155.841,155.841
2022-07-03,2022-07-03,164.93316,164.93316
2022-07-04,2022-07-04,133.7133,133.7133
2022-07-05,2022-07-05,169.24677,169.24677
2022-07-06,2022-07-06,243.08856,243.08856
2022-07-07,2022-07-07,142.478278,142.478278
2022-07-08,2022-07-08,190.0406,190.0406
2022-07-09,2022-07-09,202.238816,202.238816
2022-07-10,2022-07-10,179.843238,179.843238
2022-07-11,2022-07-11,198.951,198.951
2022-07-12,2022-07-12,173.2865,173.2865
2022-07-13,2022-07-13,217.86192,217.86192
2022-07-14,2022-07-14,257.9274,257.9274
2022-07-15,2022-07-15,217.446722,217.446722
2022-07-16,2022-07-16,198.918676,198.918676
2022-07-17,2022-07-17,174.726489,174.726489
2022-07-18,2022-07-18,172.49283,172.49283
2022-07-19,2022-07-19,181.5148,181.5148
2022-07-20,2022-07-20,158.571972,158.571972
2022-07-21,2022-07-21,177.668572,177.668572
2022-07-22,2022-07-22,196.379216,196.379216
2022-07-23,2022-07-23,244.911909,244.911909
2022-07-24,2022-07-24,220.963008,220.963008
2022-07-25,2022-07-25,268.128,268.128
2022-07-26,2022-07-26,227.783,227.783
2022-07-27,2022-07-27,254.922633,254.922633
2022-07-28,2022-07-28,269.180499,269.180499
2022-07-29,2022-07-29,259.629984,259.629984
2022-07-30,2022-07-30,251.73,251.73
2022-07-31,2022-07-31,254.3382,254.3382
2022-08-01,2022-08-01,250.795932,250.795932
2022-08-02,2022-08-02,198.933828,198.933828
2022-08-03,2022-08-03,171.79,171.79
2022-08-04,2022-08-04,242.9559,242.9559
2022-08-05,2022-08-05,255.1935,255.1935
2022-08-06,2022-08-06,274.4594,274.4594
2022-08-07,2022-08-07,231.182183,231.182183
2022-08-08,2022-08-08,230.313663,230.313663
2022-08-09,2022-08-09,244.325,244.325
2022-08-10,2022-08-10,237.405492,237.405492
2022-08-11,2022-08-11,230.5758,230.5758
2022-08-12,2022-08-12,247.612302,247.612302
2022-08-13,2022-08-13,282.75211,282.75211
2022-08-14,2022-08-14,316.8528,316.8528
2022-08-15,2022-08-15,310.058256,310.058256
2022-08-16,2022-08-16,284.172954,284.172954
2022-08-17,2022-08-17,275.370106,275.370106
2022-08-18,2022-08-18,322.304365,322.304365
2022-08-19,2022-08-19,274.5925,274.5925
2022-08-20,2022-08-20,337.3944,337.3944
2022-08-21,2022-08-21,322.283528,322.283528
2022-08-22,2022-08-22,327.610808,327.610808
2022-08-23,2022-08-23,371.187927,371.187927
2022-08-24,2022-08-24,405.024,405.024
2022-08-25,2022-08-25,377.665152,377.665152
2022-08-26,2022-08-26,421.926162,421.926162
2022-08-27,2022-08-27,435.511615,435.511615
2022-08-28,2022-08-28,425.942657,425.942657
2022-08-29,2022-08-29,355.36664,355.36664
2022-08-30,2022-08-30,371.142288,371.142288
2022-08-31,2022-08-31,342.466875,342.466875
2022-09-01,2022-09-01,306.1244,306.1244
2022-09-02,2022-09-02,237.240584,237.240584
2022-09-03,2022-09-03,251.672466,251.672466
2022-09-04,2022-09-04,216.2,216.2
2022-09-05,2022-09-05,187.497288,187.497288
2022-09-06,2022-09-06,211.004579,211.004579
2022-09-07,2022-09-07,186.006562,186.006562
2022-09-08,2022-09-08,159.285245,159.285245
2022-09-09,2022-09-09,229.964994,229.964994
2022-09-10,2022-09-10,249.9552,249.9552
2022-09-11,2022-09-11,319.021458,319.021458
2022-09-12,2022-09-12,247.8476,247.8476
2022-09-13,2022-09-13,243.62741,243.62741
2022-09-14,2022-09-14,259.026097,259.026097
2022-09-15,2022-09-15,285.44226,285.44226
2022-09-16,2022-09-16,291.25006,291.25006
2022-09-17,2022-09-17,235.84548,235.84548
2022-09-18,2022-09-18,221.883389,221.883389
2022-09-19,2022-09-19,207.00134,207.00134
2022-09-20,2022-09-20,225.92817,225.92817
2022-09-21,2022-09-21,219.77375,219.77375
2022-09-22,2022-09-22,173.642128,173.642128
2022-09-23,2022-09-23,215.169092,215.169092
2022-09-24,2022-09-24,243.57506,243.57506
2022-09-25,2022-09-25,251.93824,251.93824
2022-09-26,2022-09-26,34.60096,34.60096
2022-09-27,2022-09-27,159.5478,159.5478
2022-09-28,2022-09-28,164.909,164.909
2022-09-29,2022-09-29,180.498696,180.498696
2022-09-30,2022-09-30,188.9927,188.9927
2022-10-01,2022-10-01,124.1082,124.1082
2022-10-02,2022-10-02,209.842,209.842
2022-10-03,2022-10-03,244.97078,244.97078
2022-10-04,2022-10-04,37.50642,37.50642
2022-10-05,2022-10-05,90.951936,90.951936
2022-10-06,2022-10-06,16.20432,16.20432
2022-10-07,2022-10-07,11.887173,11.887173
2022-10-08,2022-10-08,201.503,201.503
2022-10-09,2022-10-09,166.516,166.516
2022-10-10,2022-10-10,121.8196,121.8196
2022-10-11,2022-10-11,160.671004,160.671004
2022-10-12,2022-10-12,109.9625,109.9625
2022-10-13,2022-10-13,165.3454,165.3454
2022-10-14,2022-10-14,153.895518,153.895518
2022-10-15,2022-10-15,132.3144,132.3144
2022-10-16,2022-10-16,108.1375,108.1375
2022-10-17,2022-10-17,0.0,0.0
2022-10-18,2022-10-18,95.26,95.26
2022-10-19,2022-10-19,41.305031,41.305031
2022-10-20,2022-10-20,35.484575,35.484575
2022-10-21,2022-10-21,70.50992,70.50992
2022-10-22,2022-10-22,90.6039,90.6039
2022-10-23,2022-10-23,105.3668,105.3668
2022-10-24,2022-10-24,93.924488,93.924488
2022-10-25,2022-10-25,61.95378,61.95378
2022-10-26,2022-10-26,40.475826,40.475826
2022-10-27,2022-10-27,50.138595,50.138595
2022-10-28,2022-10-28,72.017576,72.017576
2022-10-29,2022-10-29,71.25902,71.25902
2022-10-30,2022-10-30,0.8624,0.8624
2022-10-31,2022-10-31,21.38752,21.38752
2022-11-01,2022-11-01,79.277748,79.277748
2022-11-02,2022-11-02,56.86905,56.86905
2022-11-03,2022-11-03,60.248408,60.248408
2022-11-04,2022-11-04,143.981216,143.981216
2022-11-05,2022-11-05,113.783082,113.783082
2022-11-06,2022-11-06,98.22605,98.22605
2022-11-07,2022-11-07,64.9838,64.9838
2022-11-08,2022-11-08,48.926045,48.926045
2022-11-09,2022-11-09,91.476,91.476
2022-11-10,2022-11-10,30.5795,30.5795
2022-11-11,2022-11-11,0.0,0.0
2022-11-12,2022-11-12,103.122811,103.122811
2022-11-13,2022-11-13,61.178259,61.178259
2022-11-14,2022-11-14,109.2625,109.2625
2022-11-15,2022-11-15,89.000862,89.000862
2022-11-16,2022-11-16,115.40411,115.40411
2022-11-17,2022-11-17,118.341,118.341
2022-11-18,2022-11-18,85.17033,85.17033
2022-11-19,2022-11-19,127.200256,127.200256
2022-11-20,2022-11-20,86.85177,86.85177
2022-11-21,2022-11-21,70.172034,70.172034
2022-11-22,2022-11-22,89.02285,89.02285
2022-11-23,2022-11-23,123.1708,123.1708
2022-11-24,2022-11-24,92.50023,92.50023
2022-11-25,2022-11-25,110.91354,110.91354
2022-11-26,2022-11-26,124.8595,124.8595
2022-11-27,2022-11-27,107.815968,107.815968
2022-11-28,2022-11-28,118.530438,118.530438
2022-11-29,2022-11-29,199.620859,199.620859
2022-11-30,2022-11-30,204.352125,204.352125
2022-12-01,2022-12-01,242.137805,242.137805
2022-12-02,2022-12-02,273.536032,273.536032
2022-12-03,2022-12-03,266.936648,266.936648
2022-12-04,2022-12-04,257.22,257.22
2022-12-05,2022-12-05,224.6388,224.6388
2022-12-06,2022-12-06,244.29899,244.29899
2022-12-07,2022-12-07,253.995,253.995
2022-12-08,2022-12-08,302.297072,302.297072
2022-12-09,2022-12-09,313.049846,313.049846
2022-12-10,2022-12-10,284.691,284.691
2022-12-11,2022-12-11,297.634617,297.634617
2022-12-12,2022-12-12,296.3205,296.3205
2022-12-13,2022-12-13,287.369,287.369
2022-12-14,2022-12-14,250.009357,250.009357
2022-12-15,2022-12-15,266.992242,266.992242
2022-12-16,2022-12-16,270.474512,270.474512
2022-12-17,2022-12-17,247.648266,247.648266
2022-12-18,2022-12-18,245.759271,245.759271
2022-12-19,2022-12-19,39.948183,39.948183
2022-12-20,2022-12-20,79.401168,79.401168
2022-12-21,2022-12-21,109.325,109.325
2022-12-22,2022-12-22,179.229396,179.229396
2022-12-23,2022-12-23,188.8345,188.8345
2022-12-24,2022-12-24,88.37208,88.37208
2022-12-25,2022-12-25,88.071607,88.071607
2022-12-26,2022-12-26,385.166964,385.166964
2022-12-27,2022-12-27,169.77129,169.77129
2022-12-28,2022-12-28,154.4725,154.4725
2022-12-29,2022-12-29,-4.913372,-4.913372
2022-12-30,2022-12-30,0.0,0.0
2022-12-31,2022-12-31,165.025452,165.025452
2023-01-01,2023-01-01,141.807996,141.807996
2023-01-02,2023-01-02,176.84,176.84
2023-01-03,2023-01-03,113.467068,113.467068
2023-01-04,2023-01-04,0.8849,0.8849
2023-01-05,2023-01-05,154.459295,154.459295
2023-01-06,2023-01-06,77.7304,77.7304
2023-01-07,2023-01-07,151.2465,151.2465
2023-01-08,2023-01-08,4.496289,4.496289
2023-01-09,2023-01-09,71.2719,71.2719
2023-01-10,2023-01-10,109.502888,109.502888
2023-01-11,2023-01-11,18.5262,18.5262
2023-01-12,2023-01-12,48.631,48.631
2023-01-13,2023-01-13,8.568867,8.568867
2023-01-14,2023-01-14,118.8178,118.8178
2023-01-15,2023-01-15,12.4208,12.4208
2023-01-16,2023-01-16,176.90768,176.90768
2023-01-17,2023-01-17,150.824,150.824
2023-01-18,2023-01-18,129.188714,129.188714
2023-01-19,2023-01-19,146.08,146.08
2023-01-20,2023-01-20,158.209282,158.209282
2023-01-21,2023-01-21,137.475336,137.475336
2023-01-22,2023-01-22,134.8886,134.8886
2023-01-23,2023-01-23,153.142356,153.142356
2023-01-24,2023-01-24,148.4158,148.4158
2023-01-25,2023-01-25,141.115128,141.115128
2023-01-26,2023-01-26,140.4288,140.4288
2023-01-27,2023-01-27,150.528192,150.528192
2023-01-28,2023-01-28,142.497976,142.497976
2023-01-29,2023-01-29,166.497,166.497
2023-01-30,2023-01-30,104.288463,104.288463
2023-01-31,2023-01-31,109.001178,109.001178
2023-02-01,2023-02-01,101.016,101.016
2023-02-02,2023-02-02,112.903406,112.903406
2023-02-03,2023-02-03,107.086905,107.086905
2023-02-04,2023-02-04,130.203153,130.203153
2023-02-05,2023-02-05,167.365,167.365
2023-02-06,2023-02-06,147.675,147.675
2023-02-07,2023-02-07,134.099685,134.099685
2023-02-08,2023-02-08,141.7962,141.7962
2023-02-09,2023-02-09,138.795228,138.795228
2023-02-10,2023-02-10,133.485412,133.485412
2023-02-11,2023-02-11,133.6803,133.6803
2023-02-12,2023-02-12,132.825,132.825
2023-02-13,2023-02-13,122.199,122.199
2023-02-14,2023-02-14,110.51078,110.51078
2023-02-15,2023-02-15,115.673,115.673
2023-02-16,2023-02-16,135.6651,135.6651
2023-02-17,2023-02-17,62.16,62.16
2023-02-18,2023-02-18,88.3377,88.3377
2023-02-19,2023-02-19,142.176,142.176
2023-02-20,2023-02-20,74.6424,74.6424
2023-02-21,2023-02-21,123.12833,123.12833
2023-02-22,2023-02-22,118.126216,118.126216
2023-02-23,2023-02-23,117.508668,117.508668
2023-02-24,2023-02-24,125.5256,125.5256
2023-02-25,2023-02-25,131.989568,131.989568
2023-02-26,2023-02-26,142.422124,142.422124
2023-02-27,2023-02-27,129.453792,129.453792
2023-02-28,2023-02-28,156.599973,156.599973
2023-03-01,2023-03-01,131.677308,131.677308
2023-03-02,2023-03-02,134.558608,134.558608
2023-03-03,2023-03-03,146.2065,146.2065
2023-03-04,2023-03-04,147.581574,147.581574
2023-03-05,2023-03-05,142.044084,142.044084
2023-03-06,2023-03-06,132.405,132.405
2023-03-07,2023-03-07,119.606766,119.606766
2023-03-08,2023-03-08,123.792187,123.792187
2023-03-09,2023-03-09,117.5064,117.5064
2023-03-10,2023-03-10,93.569749,93.569749
2023-03-11,2023-03-11,135.741659,135.741659
2023-03-12,2023-03-12,110.5375,110.5375
2023-03-13,2023-03-13,40.6778,40.6778
2023-03-14,2023-03-14,112.2045,112.2045
2023-03-15,2023-03-15,164.996895,164.996895
2023-03-16,2023-03-16,112.0394,112.0394
2023-03-17,2023-03-17,104.10912,104.10912
2023-03-18,2023-03-18,157.968,157.968
2023-03-19,2023-03-19,118.233,118.233
2023-03-20,2023-03-20,107.215436,107.215436
2023-03-21,2023-03-21,103.575216,103.575216
2023-03-22,2023-03-22,46.105632,46.105632
2023-03-23,2023-03-23,64.660446,64.660446
2023-03-24,2023-03-24,83.9705,83.9705
2023-03-25,2023-03-25,70.440804,70.440804
2023-03-26,2023-03-26,110.50038,110.50038
2023-03-27,2023-03-27,109.058,109.058
2023-03-28,2023-03-28,91.005388,91.005388
2023-03-29,2023-03-29,98.41284,98.41284
2023-03-30,2023-03-30,109.0704,109.0704
2023-03-31,2023-03-31,118.7055,118.7055
2023-04-01,2023-04-01,104.6056,104.6056
2023-04-02,2023-04-02,107.2502,107.2502
2023-04-03,2023-04-03,106.186489,106.186489
2023-04-04,2023-04-04,108.1908,108.1908
2023-04-05,2023-04-05,104.67324,104.67324
2023-04-06,2023-04-06,118.768874,118.768874
2023-04-07,2023-04-07,122.444,122.444
2023-04-08,2023-04-08,110.077156,110.077156
2023-04-09,2023-04-09,81.827576,81.827576
2023-04-10,2023-04-10,80.4632,80.4632
2023-04-11,2023-04-11,73.9037,73.9037
2023-04-12,2023-04-12,46.614139,46.614139
2023-04-13,2023-04-13,75.9616,75.9616
2023-04-14,2023-04-14,110.93676,110.93676
2023-04-15,2023-04-15,111.24524,111.24524
2023-04-16,2023-04-16,98.571582,98.571582
2023-04-17,2023-04-17,102.378802,102.378802
2023-04-18,2023-04-18,99.627605,99.627605
2023-04-19,2023-04-19,91.7904,91.7904
2023-04-20,2023-04-20,91.703178,91.703178
2023-04-21,2023-04-21,96.169108,96.169108
2023-04-22,2023-04-22,97.35075,97.35075
2023-04-23,2023-04-23,122.8065,122.8065
2023-04-24,2023-04-24,112.41654,112.41654
2023-04-25,2023-04-25,107.8114,107.8114
2023-04-26,2023-04-26,97.374396,97.374396
2023-04-27,2023-04-27,84.96,84.96
2023-04-28,2023-04-28,93.623265,93.623265
2023-04-29,2023-04-29,98.7056,98.7056
2023-04-30,2023-04-30,94.6836,94.6836
2023-05-01,2023-05-01,89.002584,89.002584
2023-05-02,2023-05-02,99.803528,99.803528
2023-05-03,2023-05-03,91.780215,91.780215
2023-05-04,2023-05-04,72.2912,72.2912
2023-05-05,2023-05-05,78.2755,78.2755
2023-05-06,2023-05-06,90.951306,90.951306
2023-05-07,2023-05-07,100.2915,100.2915
2023-05-08,2023-05-08,73.2564,73.2564
2023-05-09,2023-05-09,87.52236,87.52236
2023-05-10,2023-05-10,81.494892,81.494892
2023-05-11,2023-05-11,83.108306,83.108306
2023-05-12,2023-05-12,81.5991,81.5991
2023-05-13,2023-05-13,94.00248,94.00248
2023-05-14,2023-05-14,87.15,87.15
2023-05-15,2023-05-15,83.82087,83.82087
2023-05-16,2023-05-16,84.5161,84.5161
2023-05-17,2023-05-17,76.7166,76.7166
2023-05-18,2023-05-18,79.594927,79.594927
2023-05-19,2023-05-19,76.7096,76.7096
2023-05-20,2023-05-20,89.5276,89.5276
2023-05-21,2023-05-21,84.39,84.39
2023-05-22,2023-05-22,69.513,69.513
2023-05-23,2023-05-23,70.186662,70.186662
2023-05-24,2023-05-24,70.195188,70.195188
2023-05-25,2023-05-25,75.1166,75.1166
2023-05-26,2023-05-26,69.772392,69.772392
2023-05-27,2023-05-27,100.8156,100.8156
2023-05-28,2023-05-28,89.821485,89.821485
2023-05-29,2023-05-29,64.409001,64.409001
2023-05-30,2023-05-30,71.2662,71.2662
2023-05-31,2023-05-31,76.138035,76.138035
2023-06-01,2023-06-01,78.724327,78.724327
2023-06-02,2023-06-02,69.6114,69.6114
2023-06-03,2023-06-03,77.181936,77.181936
2023-06-04,2023-06-04,78.141186,78.141186
2023-06-05,2023-06-05,68.139666,68.139666
2023-06-06,2023-06-06,69.3479,69.3479
2023-06-07,2023-06-07,75.811436,75.811436
2023-06-08,2023-06-08,72.488154,72.488154
2023-06-09,2023-06-09,69.4536,69.4536
2023-06-10,2023-06-10,71.633954,71.633954
2023-06-11,2023-06-11,82.998752,82.998752
2023-06-12,2023-06-12,114.653136,114.653136
2023-06-13,2023-06-13,86.18913,86.18913
2023-06-14,2023-06-14,89.372612,89.372612
2023-06-15,2023-06-15,90.602302,90.602302
2023-06-16,2023-06-16,121.08155,121.08155
2023-06-17,2023-06-17,106.75567,106.75567
2023-06-18,2023-06-18,100.171002,100.171002
2023-06-19,2023-06-19,101.646865,101.646865
2023-06-20,2023-06-20,88.50728,88.50728
2023-06-21,2023-06-21,91.9125,91.9125
2023-06-22,2023-06-22,101.425311,101.425311
2023-06-23,2023-06-23,94.889756,94.889756
2023-06-24,2023-06-24,97.4586,97.4586
2023-06-25,2023-06-25,68.37264,68.37264
2023-06-26,2023-06-26,100.2456,100.2456
2023-06-27,2023-06-27,102.30759,102.30759
2023-06-28,2023-06-28,86.116184,86.116184
2023-06-29,2023-06-29,93.8708,93.8708
2023-06-30,2023-06-30,97.71749,97.71749
2023-07-01,2023-07-01,78.169,78.169
2023-07-02,2023-07-02,103.128,103.128
2023-07-03,2023-07-03,108.37034,108.37034
2023-07-04,2023-07-04,85.927265,85.927265
2023-07-05,2023-07-05,95.201568,95.201568
2023-07-06,2023-07-06,90.594522,90.594522
2023-07-07,2023-07-07,74.339316,74.339316
2023-07-08,2023-07-08,54.201413,54.201413
2023-07-09,2023-07-09,94.214688,94.214688
2023-07-10,2023-07-10,88.0032,88.0032
2023-07-11,2023-07-11,95.7712,95.7712
2023-07-12,2023-07-12,80.99712,80.99712
2023-07-13,2023-07-13,85.41048,85.41048
2023-07-14,2023-07-14,88.9096,88.9096
2023-07-15,2023-07-15,78.22012,78.22012
2023-07-16,2023-07-16,1.258958,1.258958
2023-07-17,2023-07-17,73.398976,73.398976
2023-07-18,2023-07-18,65.86685,65.86685
2023-07-19,2023-07-19,72.043502,72.043502
2023-07-20,2023-07-20,76.183742,76.183742
2023-07-21,2023-07-21,77.2253,77.2253
2023-07-22,2023-07-22,77.924672,77.924672
2023-07-23,2023-07-23,67.999932,67.999932
2023-07-24,2023-07-24,73.593,73.593
2023-07-25,2023-07-25,95.318642,95.318642
2023-07-26,2023-07-26,84.60436,84.60436
2023-07-27,2023-07-27,77.606564,77.606564
2023-07-28,2023-07-28,80.5768,80.5768
2023-07-29,2023-07-29,81.26748,81.26748
2023-07-30,2023-07-30,55.251729,55.251729
2023-07-31,2023-07-31,52.885872,52.885872
2023-08-01,2023-08-01,64.3275,64.3275
2023-08-02,2023-08-02,77.900256,77.900256
2023-08-03,2023-08-03,39.5048,39.5048
2023-08-04,2023-08-04,73.79658,73.79658
2023-08-05,2023-08-05,80.83684,80.83684
2023-08-06,2023-08-06,88.21516,88.21516
2023-08-07,2023-08-07,82.507425,82.507425
2023-08-08,2023-08-08,70.759078,70.759078
2023-08-09,2023-08-09,74.76048,74.76048
2023-08-10,2023-08-10,81.776,81.776
2023-08-11,2023-08-11,94.1324,94.1324
2023-08-12,2023-08-12,75.912648,75.912648
2023-08-13,2023-08-13,80.97507,80.97507
2023-08-14,2023-08-14,85.9221,85.9221
2023-08-15,2023-08-15,80.052525,80.052525
2023-08-16,2023-08-16,91.486332,91.486332
2023-08-17,2023-08-17,93.728609,93.728609
2023-08-18,2023-08-18,77.60298,77.60298
2023-08-19,2023-08-19,49.65226,49.65226
2023-08-20,2023-08-20,90.4922,90.4922
2023-08-21,2023-08-21,81.630794,81.630794
2023-08-22,2023-08-22,78.491504,78.491504
2023-08-23,2023-08-23,105.0051,105.0051
2023-08-24,2023-08-24,98.37189,98.37189
2023-08-25,2023-08-25,81.70932,81.70932
2023-08-26,2023-08-26,93.3585,93.3585
2023-08-27,2023-08-27,90.111,90.111
2023-08-28,2023-08-28,85.536794,85.536794
2023-08-29,2023-08-29,89.06971,89.06971
2023-08-30,2023-08-30,84.8727,84.8727
2023-08-31,2023-08-31,81.681,81.681
2023-09-01,2023-09-01,87.78752,87.78752
2023-09-02,2023-09-02,89.595612,89.595612
2023-09-03,2023-09-03,98.4515,98.4515
2023-09-04,2023-09-04,87.83586,87.83586
2023-09-05,2023-09-05,80.182727,80.182727
2023-09-06,2023-09-06,75.518352,75.518352
2023-09-07,2023-09-07,78.999224,78.999224
2023-09-08,2023-09-08,77.964289,77.964289
2023-09-09,2023-09-09,87.998457,87.998457
2023-09-10,2023-09-10,92.44968,92.44968
2023-09-11,2023-09-11,87.488128,87.488128
2023-09-12,2023-09-12,83.502549,83.502549
2023-09-13,2023-09-13,88.179696,88.179696
2023-09-14,2023-09-14,79.2396,79.2396
2023-09-15,2023-09-15,89.565366,89.565366
2023-09-16,2023-09-16,84.996736,84.996736
2023-09-17,2023-09-17,100.521153,100.521153
2023-09-18,2023-09-18,111.0303,111.0303
2023-09-19,2023-09-19,29.656272,29.656272
2023-09-20,2023-09-20,-1.7272,-1.7272
2023-09-21,2023-09-21,81.899832,81.899832
2023-09-22,2023-09-22,85.604129,85.604129
2023-09-23,2023-09-23,103.7499,103.7499
2023-09-24,2023-09-24,78.58643,78.58643
2023-09-25,2023-09-25,-0.008698,-0.008698
2023-09-26,2023-09-26,53.141256,53.141256
2023-09-27,2023-09-27,101.948875,101.948875
2023-09-28,2023-09-28,-2.6088,-2.6088
2023-09-29,2023-09-29,70.483176,70.483176
2023-09-30,2023-09-30,112.01259,112.01259
2023-10-01,2023-10-01,68.976448,68.976448
2023-10-02,2023-10-02,90.215936,90.215936
2023-10-03,2023-10-03,84.966,84.966
2023-10-04,2023-10-04,39.132576,39.132576
2023-10-05,2023-10-05,68.71392,68.71392
2023-10-06,2023-10-06,47.663,47.663
2023-10-07,2023-10-07,47.553,47.553
2023-10-08,2023-10-08,80.598012,80.598012
2023-10-09,2023-10-09,86.46,86.46
2023-10-10,2023-10-10,99.0196,99.0196
2023-10-11,2023-10-11,84.938304,84.938304
2023-10-12,2023-10-12,99.314,99.314
2023-10-13,2023-10-13,132.4609,132.4609
2023-10-14,2023-10-14,59.75943,59.75943
2023-10-15,2023-10-15,130.744632,130.744632
2023-10-16,2023-10-16,112.9347,112.9347
2023-10-17,2023-10-17,112.328892,112.328892
2023-10-18,2023-10-18,23.00292,23.00292
2023-10-19,2023-10-19,102.039546,102.039546
2023-10-20,2023-10-20,96.19988,96.19988
2023-10-21,2023-10-21,50.00215,50.00215
2023-10-22,2023-10-22,95.92323,95.92323
2023-10-23,2023-10-23,97.552,97.552
2023-10-24,2023-10-24,100.211,100.211
2023-10-25,2023-10-25,111.487725,111.487725
2023-10-26,2023-10-26,103.72836,103.72836
2023-10-27,2023-10-27,101.573532,101.573532
2023-10-28,2023-10-28,86.17392,86.17392
2023-10-29,2023-10-29,126.3675,126.3675
2023-10-30,2023-10-30,97.285545,97.285545
2023-10-31,2023-10-31,105.464436,105.464436
2023-11-01,2023-11-01,93.834635,93.834635
2023-11-02,2023-11-02,86.93,86.93
2023-11-03,2023-11-03,75.471726,75.471726
2023-11-04,2023-11-04,113.334,113.334
2023-11-05,2023-11-05,111.8043,111.8043
2023-11-06,2023-11-06,93.334923,93.334923
2023-11-07,2023-11-07,77.74884,77.74884
2023-11-08,2023-11-08,65.13,65.13
2023-11-09,2023-11-09,83.568,83.568
2023-11-10,2023-11-10,88.90378,88.90378
2023-11-11,2023-11-11,94.999718,94.999718
2023-11-12,2023-11-12,94.636312,94.636312
2023-11-13,2023-11-13,82.8494,82.8494
2023-11-14,2023-11-14,69.94332,69.94332
2023-11-15,2023-11-15,67.938,67.938
2023-11-16,2023-11-16,122.44575,122.44575
2023-11-17,2023-11-17,91.41464,91.41464
2023-11-18,2023-11-18,94.554,94.554
2023-11-19,2023-11-19,9.15773,9.15773
2023-11-20,2023-11-20,89.362285,89.362285
2023-11-21,2023-11-21,89.743008,89.743008
2023-11-22,2023-11-22,100.021768,100.021768
2023-11-23,2023-11-23,44.37,44.37
2023-11-24,2023-11-24,89.8366,89.8366
2023-11-25,2023-11-25,114.925624,114.925624
2023-11-26,2023-11-26,110.140086,110.140086
2023-11-27,2023-11-27,103.900623,103.900623
2023-11-28,2023-11-28,98.960151,98.960151
2023-11-29,2023-11-29,98.895,98.895
2023-11-30,2023-11-30,88.04169,88.04169
2023-12-01,2023-12-01,94.198213,94.198213
2023-12-02,2023-12-02,98.266119,98.266119
2023-12-03,2023-12-03,101.8878,101.8878
2023-12-04,2023-12-04,83.9076,83.9076
2023-12-05,2023-12-05,84.14651,84.14651
2023-12-06,2023-12-06,81.31445,81.31445
2023-12-07,2023-12-07,85.87686,85.87686
2023-12-08,2023-12-08,72.0132,72.0132
2023-12-09,2023-12-09,83.9124,83.9124
2023-12-10,2023-12-10,55.82498,55.82498
2023-12-11,2023-12-11,70.38541,70.38541
2023-12-12,2023-12-12,82.226688,82.226688
2023-12-13,2023-12-13,74.226378,74.226378
2023-12-14,2023-12-14,68.872,68.872
2023-12-15,2023-12-15,85.840632,85.840632
2023-12-16,2023-12-16,56.83278,56.83278
2023-12-17,2023-12-17,13.498032,13.498032
2023-12-18,2023-12-18,77.328,77.328
2023-12-19,2023-12-19,84.02384,84.02384
2023-12-20,2023-12-20,29.764875,29.764875
2023-12-21,2023-12-21,7.7886,7.7886
2023-12-22,2023-12-22,-0.008669,-0.008669
2023-12-23,2023-12-23,0.0,0.0
2023-12-24,2023-12-24,-5.387776,-5.387776
2023-12-25,2023-12-25,7.8336,7.8336
2023-12-26,2023-12-26,7.868416,7.868416
2023-12-27,2023-12-27,8.704,8.704
2023-12-28,2023-12-28,0.0,0.0
2023-12-29,2023-12-29,0.0,0.0
2023-12-30,2023-12-30,173.2857,173.2857
2023-12-31,2023-12-31,38.1744,38.1744
2024-01-01,2024-01-01,45.965448,45.965448
2024-01-02,2024-01-02,24.631164,24.631164
2024-01-03,2024-01-03,70.20936,70.20936
2024-01-04,2024-01-04,71.29778,71.29778
2024-01-05,2024-01-05,83.286084,83.286084
2024-01-06,2024-01-06,87.267375,87.267375
2024-01-07,2024-01-07,100.307335,100.307335
2024-01-08,2024-01-08,100.341731,100.341731
2024-01-09,2024-01-09,74.493965,74.493965
2024-01-10,2024-01-10,70.4872,70.4872
2024-01-11,2024-01-11,74.286936,74.286936
2024-01-12,2024-01-12,81.701796,81.701796
2024-01-13,2024-01-13,93.941014,93.941014
2024-01-14,2024-01-14,92.488392,92.488392
2024-01-15,2024-01-15,71.942094,71.942094
2024-01-16,2024-01-16,89.0014,89.0014
2024-01-17,2024-01-17,85.0174,85.0174
2024-01-18,2024-01-18,74.500722,74.500722
2024-01-19,2024-01-19,88.09423,88.09423
2024-01-20,2024-01-20,12.861,12.861
2024-01-21,2024-01-21,53.94933,53.94933
2024-01-22,2024-01-22,17.06823,17.06823
2024-01-23,2024-01-23,81.051776,81.051776
2024-01-24,2024-01-24,6.613788,6.613788
2024-01-25,2024-01-25,67.506173,67.506173
2024-01-26,2024-01-26,39.70912,39.70912
2024-01-27,2024-01-27,52.710696,52.710696
2024-01-28,2024-01-28,41.61415,41.61415
2024-01-29,2024-01-29,76.7341,76.7341
2024-01-30,2024-01-30,89.5125,89.5125
2024-01-31,2024-01-31,61.29837,61.29837
2024-02-01,2024-02-01,67.867972,67.867972
2024-02-02,2024-02-02,46.9425,46.9425
2024-02-03,2024-02-03,46.9535,46.9535
2024-02-04,2024-02-04,20.245472,20.245472
2024-02-05,2024-02-05,11.00112,11.00112
2024-02-06,2024-02-06,19.1925,19.1925
2024-02-07,2024-02-07,86.123185,86.123185
2024-02-08,2024-02-08,68.208,68.208
2024-02-09,2024-02-09,61.17888,61.17888
2024-02-10,2024-02-10,66.40704,66.40704
2024-02-11,2024-02-11,84.02506,84.02506
2024-02-12,2024-02-12,57.9012,57.9012
2024-02-13,2024-02-13,59.419096,59.419096
2024-02-14,2024-02-14,63.626162,63.626162
2024-02-15,2024-02-15,61.225206,61.225206
2024-02-16,2024-02-16,59.617572,59.617572
2024-02-17,2024-02-17,69.3117,69.3117
2024-02-18,2024-02-18,60.496848,60.496848
2024-02-19,2024-02-19,50.302864,50.302864
2024-02-20,2024-02-20,40.9968,40.9968
2024-02-21,2024-02-21,50.4981,50.4981
2024-02-22,2024-02-22,29.96,29.96
2024-02-23,2024-02-23,52.239278,52.239278
2024-02-24,2024-02-24,59.194447,59.194447
2024-02-25,2024-02-25,73.7002,73.7002
2024-02-26,2024-02-26,48.05458,48.05458
2024-02-27,2024-02-27,57.2582,57.2582
2024-02-28,2024-02-28,61.70318,61.70318
2024-02-29,2024-02-29,41.0352,41.0352
2024-03-01,2024-03-01,68.758742,68.758742
2024-03-02,2024-03-02,65.0712,65.0712
2024-03-03,2024-03-03,65.238568,65.238568
2024-03-04,2024-03-04,88.505051,88.505051
2024-03-05,2024-03-05,43.94704,43.94704
2024-03-06,2024-03-06,64.1775,64.1775
2024-03-07,2024-03-07,55.311785,55.311785
2024-03-08,2024-03-08,57.984012,57.984012
2024-03-09,2024-03-09,47.7568,47.7568
2024-03-10,2024-03-10,61.33547,61.33547
2024-03-11,2024-03-11,81.190808,81.190808
2024-03-12,2024-03-12,62.89236,62.89236
2024-03-13,2024-03-13,42.256368,42.256368
2024-03-14,2024-03-14,56.01386,56.01386
2024-03-15,2024-03-15,53.53953,53.53953
2024-03-16,2024-03-16,90.80125,90.80125
2024-03-17,2024-03-17,72.393922,72.393922
2024-03-18,2024-03-18,61.99951,61.99951
2024-03-19,2024-03-19,46.471568,46.471568
2024-03-20,2024-03-20,80.55042,80.55042
2024-03-21,2024-03-21,80.005195,80.005195
2024-03-22,2024-03-22,53.216378,53.216378
2024-03-23,2024-03-23,10.467553,10.467553
2024-03-24,2024-03-24,64.3275,64.3275
2024-03-25,2024-03-25,77.96493,77.96493
2024-03-26,2024-03-26,68.563368,68.563368
2024-03-27,2024-03-27,58.23104,58.23104
2024-03-28,2024-03-28,68.169366,68.169366
2024-03-29,2024-03-29,76.963818,76.963818
2024-03-30,2024-03-30,77.22924,77.22924
2024-03-31,2024-03-31,80.9109,80.9109
2024-04-01,2024-04-01,54.7968,54.7968
2024-04-02,2024-04-02,96.40812,96.40812
2024-04-03,2024-04-03,57.789835,57.789835
2024-04-04,2024-04-04,66.650472,66.650472
2024-04-05,2024-04-05,35.950782,35.950782
2024-04-06,2024-04-06,18.45775,18.45775
2024-04-07,2024-04-07,-2.5725,-2.5725
2024-04-08,2024-04-08,88.30535,88.30535
2024-04-09,2024-04-09,55.757,55.757
2024-04-10,2024-04-10,61.777379,61.777379
2024-04-11,2024-04-11,13.29447,13.29447
2024-04-12,2024-04-12,47.0305,47.0305
2024-04-13,2024-04-13,98.4362,98.4362
2024-04-14,2024-04-14,101.7331,101.7331
2024-04-15,2024-04-15,0.0,0.0
2024-04-16,2024-04-16,11.21302,11.21302
2024-04-17,2024-04-17,88.11216,88.11216
2024-04-18,2024-04-18,93.800808,93.800808
2024-04-19,2024-04-19,70.619376,70.619376
2024-04-20,2024-04-20,75.729742,75.729742
2024-04-21,2024-04-21,80.967238,80.967238
2024-04-22,2024-04-22,74.79692,74.79692
2024-04-23,2024-04-23,67.015248,67.015248
2024-04-24,2024-04-24,66.47616,66.47616
2024-04-25,2024-04-25,72.008026,72.008026
2024-04-26,2024-04-26,69.484632,69.484632
2024-04-27,2024-04-27,106.4044,106.4044
2024-04-28,2024-04-28,124.1055,124.1055
2024-04-29,2024-04-29,72.7515,72.7515
2024-04-30,2024-04-30,85.54,85.54
2024-05-01,2024-05-01,63.167535,63.167535
2024-05-02,2024-05-02,84.2898,84.2898
2024-05-03,2024-05-03,70.28754,70.28754
2024-05-04,2024-05-04,76.558695,76.558695
2024-05-05,2024-05-05,89.888862,89.888862
2024-05-06,2024-05-06,82.43458,82.43458
2024-05-07,2024-05-07,72.768098,72.768098
2024-05-08,2024-05-08,90.447654,90.447654
2024-05-09,2024-05-09,92.232421,92.232421
2024-05-10,2024-05-10,78.502375,78.502375
2024-05-11,2024-05-11,77.642496,77.642496
2024-05-12,2024-05-12,66.779,66.779
2024-05-13,2024-05-13,69.0494,69.0494
2024-05-14,2024-05-14,72.101295,72.101295
2024-05-15,2024-05-15,90.384,90.384
2024-05-16,2024-05-16,83.671184,83.671184
2024-05-17,2024-05-17,68.753232,68.753232
2024-05-18,2024-05-18,84.585088,84.585088
2024-05-19,2024-05-19,80.487142,80.487142
2024-05-20,2024-05-20,89.497663,89.497663
2024-05-21,2024-05-21,89.942627,89.942627
2024-05-22,2024-05-22,96.86891,96.86891
2024-05-23,2024-05-23,38.886488,38.886488
2024-05-24,2024-05-24,89.3655,89.3655
2024-05-25,2024-05-25,106.46476,106.46476
2024-05-26,2024-05-26,92.832916,92.832916
2024-05-27,2024-05-27,85.41548,85.41548
2024-05-28,2024-05-28,86.42725,86.42725
2024-05-29,2024-05-29,74.0979,74.0979
2024-05-30,2024-05-30,74.109918,74.109918
2024-05-31,2024-05-31,81.6864,81.6864
2024-06-01,2024-06-01,84.91449,84.91449
2024-06-02,2024-06-02,88.203193,88.203193
2024-06-03,2024-06-03,80.635136,80.635136
2024-06-04,2024-06-04,93.753,93.753
2024-06-05,2024-06-05,82.366752,82.366752
2024-06-06,2024-06-06,79.63658,79.63658
2024-06-07,2024-06-07,99.630778,99.630778
2024-06-08,2024-06-08,97.888,97.888
2024-06-09,2024-06-09,63.104052,63.104052
2024-06-10,2024-06-10,74.237064,74.237064
2024-06-11,2024-06-11,85.90284,85.90284
2024-06-12,2024-06-12,85.4359,85.4359
2024-06-13,2024-06-13,86.058308,86.058308
2024-06-14,2024-06-14,60.2485,60.2485
2024-06-15,2024-06-15,86.02407,86.02407
2024-06-16,2024-06-16,101.01744,82.14893575110862
2024-06-17,2024-06-17,82.4112,83.16123090915394
2024-06-18,2024-06-18,85.596819,84.1444494005531
2024-06-19,2024-06-19,77.75292,85.09942640913222
2024-06-20,2024-06-20,84.40218,86.02697312930927
2024-06-21,2024-06-21,79.881516,86.92787745515402
2024-06-22,2024-06-22,94.994962,87.80290464965572
2024-06-23,2024-06-23,103.32294,88.65279799476711
2024-06-24,2024-06-24,83.167332,89.47827942277686
2024-06-25,2024-06-25,90.608849,90.2800501295468
2024-06-26,2024-06-26,83.6649,91.05879117013475
2024-06-27,2024-06-27,75.184452,91.81516403730916
2024-06-28,2024-06-28,31.787977,92.54981122344654
2024-06-29,2024-06-29,108.77022,93.26335676628938
2024-06-30,2024-06-30,77.57947,93.95640677902799
2024-07-01,2024-07-01,78.062488,94.62954996515643
2024-07-02,2024-07-02,69.42273,95.2833581185401
2024-07-03,2024-07-03,79.694732,95.9183866091195
2024-07-04,2024-07-04,16.596008,96.53517485466301
2024-07-05,2024-07-05,98.189905,97.13424677896919
2024-07-06,2024-07-06,88.752672,97.71611125690788
2024-07-07,2024-07-07,80.712,98.28126254667828
2024-07-08,2024-07-08,80.712,98.83018070965092
2024-07-09,2024-07-09,80.154424,99.36333201815042
2024-07-10,2024-07-10,68.141185,99.88116935152517
2024-07-11,2024-07-11,71.030508,100.38413258084064
2024-07-12,2024-07-12,80.548008,100.87264894252284
2024-07-13,2024-07-13,90.8604,101.34713340126949
2024-07-14,2024-07-14,75.002538,101.80798900253706
2024-07-15,2024-07-15,74.851374,102.2556072149032
2024-07-16,2024-07-16,75.094371,102.6903682625953
2024-07-17,2024-07-17,88.59924,103.11264144846766
2024-07-18,2024-07-18,71.448448,103.52278546770157
2024-07-19,2024-07-19,92.103777,103.92114871249494
2024-07-20,2024-07-20,75.09748,104.30806956800009
2024-07-21,2024-07-21,77.50542,104.68387669976117
2024-07-22,2024-07-22,76.86474,105.04888933289543
2024-07-23,2024-07-23,72.008475,105.40341752325533
2024-07-24,2024-07-24,98.407806,105.74776242080203
2024-07-25,2024-07-25,67.49025,106.08221652541378
2024-07-26,2024-07-26,68.9866,106.40706393534667
2024-07-27,2024-07-27,76.385488,106.72258058855864
2024-07-28,2024-07-28,97.0025,107.02903449710189
2024-07-29,2024-07-29,71.32636,107.32668597478265
2024-07-30,2024-07-30,97.29,107.61578785828183
2024-07-31,2024-07-31,105.2625,107.89658572192428
2024-08-01,2024-08-01,80.8704,108.1693180862791
2024-08-02,2024-08-02,82.759644,108.43421662076825
2024-08-03,2024-08-03,89.72419,108.69150634045553
2024-08-04,2024-08-04,92.5955,108.94140579718308
2024-08-05,2024-08-05,40.835465,109.18412726521773
2024-08-06,2024-08-06,80.511,109.41987692156502
2024-08-07,2024-08-07,71.944064,109.64885502110393
2024-08-08,2024-08-08,104.61332,109.87125606669109
2024-08-09,2024-08-09,48.99659,110.08726897437903
2024-08-10,2024-08-10,85.55,110.29707723388883
2024-08-11,2024-08-11,132.183305,110.50085906447335
2024-08-12,2024-08-12,35.973775,110.69878756630354
2024-08-13,2024-08-13,66.714152,110.89103086750646
2024-08-14,2024-08-14,104.145265,111.07775226697983
2024-08-15,2024-08-15,64.3425,111.25911037310438
2024-08-16,2024-08-16,89.39553,111.43525923847197
2024-08-17,2024-08-17,93.797,111.60634849074383
2024-08-18,2024-08-18,79.63704,111.77252345975006
2024-08-19,2024-08-19,99.781038,111.93392530093845
2024-08-20,2024-08-20,66.186352,112.09069111527735
2024-08-21,2024-08-21,103.28664,112.24295406571454
2024-08-22,2024-08-22,3.45708,112.39084349029098
2024-08-23,2024-08-23,82.70748,112.53448501200556
2024-08-24,2024-08-24,74.4783,112.67400064552415
2024-08-25,2024-08-25,77.440536,112.80950890082354
2024-08-26,2024-08-26,71.9865,112.94112488385844
2024-08-27,2024-08-27,55.081,113.06896039433688
2024-08-28,2024-08-28,96.956496,113.19312402068729
2024-08-29,2024-08-29,83.4273,113.31372123229761
2024-08-30,2024-08-30,105.09136,113.43085446910514
2024-08-31,2024-08-31,109.252,113.54462322861298
2024-09-01,2024-09-01,84.91577,113.65512415040702
2024-09-02,2024-09-02,96.42906,113.76245109824538
2024-09-03,2024-09-03,87.889183,113.8666952397899
2024-09-04,2024-09-04,80.916054,113.96794512404749
2024-09-05,2024-09-05,86.897338,114.06628675658706
2024-09-06,2024-09-06,56.912608,114.16180367259602
2024-09-07,2024-09-07,97.014,114.25457700783826
2024-09-08,2024-09-08,122.4235,114.34468556757402
2024-09-09,2024-09-09,80.731966,114.43220589350011
2024-09-10,2024-09-10,29.54,114.51721232876746
2024-09-11,2024-09-11,40.60971,114.59977708113095
2024-09-12,2024-09-12,102.2928,114.67997028428559
2024-09-13,2024-09-13,107.221912,114.7578600574407
2024-09-14,2024-09-14,85.343607,114.83351256318305
2024-09-15,2024-09-15,92.550513,114.90699206367795
2024-09-16,2024-09-16,92.347977,114.97836097525592
2024-09-17,2024-09-17,77.822888,115.04767992143167
2024-09-18,2024-09-18,75.24418,115.11500778439991
2024-09-19,2024-09-19,77.043888,115.18040175505229
2024-09-20,2024-09-20,79.452372,115.2439173815575
2024-09-21,2024-09-21,79.61161,115.30560861654602
2024-09-22,2024-09-22,86.029195,115.36552786293963
2024-09-23,2024-09-23,76.368402,115.4237260184644
2024-09-24,2024-09-24,78.983406,115.48025251888525
2024-09-25,2024-09-25,77.857235,115.53515537999859
2024-09-26,2024-09-26,75.600162,115.58848123841877
2024-09-27,2024-09-27,4.1725,115.64027539119303
2024-09-28,2024-09-28,109.9428,115.6905818342786
2024-09-29,2024-09-29,95.959264,115.73944329991454
2024-09-30,2024-09-30,45.9415,115.78690129292015
2024-10-01,2024-10-01,79.540923,115.83299612595077
2024-10-02,2024-10-02,79.1255,115.87776695374093
2024-10-03,2024-10-03,81.45907,115.92125180636388
2024-10-04,2024-10-04,66.202981,115.96348762153583
2024-10-05,2024-10-05,75.53208,116.00451027599223
2024-10-06,2024-10-06,44.45187,116.04435461596289
2024-10-07,2024-10-07,76.559733,116.0830544867717
2024-10-08,2024-10-08,91.670178,116.1206427615862
2024-10-09,2024-10-09,76.116792,116.15715136934124
2024-10-10,2024-10-10,69.001065,116.19261132186072
2024-10-11,2024-10-11,90.07064,116.22705274020024
2024-10-12,2024-10-12,87.9375,116.260504880233
2024-10-13,2024-10-13,93.336672,116.29299615750098
2024-10-14,2024-10-14,85.194608,116.32455417135213
2024-10-15,2024-10-15,92.053734,116.35520572838438
2024-10-16,2024-10-16,20.855,116.38497686521612
2024-10-17,2024-10-17,86.39904,116.4138928706028
2024-10-18,2024-10-18,75.05484,116.4419783069181
2024-10-19,2024-10-19,78.00597,116.46925703101824
2024-10-20,2024-10-20,41.42495,116.49575221450684
2024-10-21,2024-10-21,0.0,116.52148636341782
2024-10-22,2024-10-22,81.806544,116.54648133733289
2024-10-23,2024-10-23,86.6632,116.57075836794992
2024-10-24,2024-10-24,20.793314,116.59433807711797
2024-10-25,2024-10-25,86.00758,116.61724049435426
2024-10-26,2024-10-26,95.83084,116.63948507385808
2024-10-27,2024-10-27,150.12462,116.66109071103587
2024-10-28,2024-10-28,67.281156,116.68207575855172
2024-10-29,2024-10-29,92.632407,116.7024580419169
2024-10-30,2024-10-30,98.48636,116.72225487463146
2024-10-31,2024-10-31,92.788016,116.74148307289103
2024-11-01,2024-11-01,93.48173,116.76015896987111
2024-11-02,2024-11-02,139.6392,116.77829842960116
2024-11-03,2024-11-03,110.120205,116.79591686044006
2024-11-04,2024-11-04,89.45118,116.8130292281646
2024-11-05,2024-11-05,85.782,116.82965006868197
2024-11-06,2024-11-06,88.705617,116.84579350037717
2024-11-07,2024-11-07,76.985648,116.86147323610564
2024-11-08,2024-11-08,80.22623,116.87670259484153
2024-11-09,2024-11-09,95.408586,116.89149451299137
2024-11-10,2024-11-10,102.982,116.90586155538271
2024-11-11,2024-11-11,92.1855,116.9198159259372
2024-11-12,2024-11-12,91.853108,116.93336947803706
2024-11-13,2024-11-13,94.858128,116.94653372459383
2024-11-14,2024-11-14,94.9848,116.95931984782784
2024-11-15,2024-11-15,113.1248,116.97173870876684
2024-11-16,2024-11-16,93.492102,116.98380085647177
2024-11-17,2024-11-17,98.369184,116.99551653699758
2024-11-18,2024-11-18,93.42,117.00689570209657
2024-11-19,2024-11-19,95.15352,117.01794801767181
2024-11-20,2024-11-20,96.461766,117.02868287198775
2024-11-21,2024-11-21,98.196072,117.03910938364498
2024-11-22,2024-11-22,95.818,117.04923640932589
2024-11-23,2024-11-23,98.891943,117.05907255131787
2024-11-24,2024-11-24,0.0,117.0686261648205
2024-11-25,2024-11-25,5.179622,117.0779053650427
2024-11-26,2024-11-26,102.558204,117.08691803409613
2024-11-27,2024-11-27,113.397082,117.0956718276906
2024-11-28,2024-11-28,116.894076,117.10417418163703
2024-11-29,2024-11-29,73.00412,117.11243231816384
2024-11-30,2024-11-30,84.004039,117.12045325205168
2024-12-01,2024-12-01,81.13985,117.1282437965921
2024-12-02,2024-12-02,60.103285,117.13581056937505
2024-12-03,2024-12-03,100.892264,117.14315999791009
2024-12-04,2024-12-04,119.24892,117.15029832508614
2024-12-05,2024-12-05,84.84126,117.15723161447448
2024-12-06,2024-12-06,95.174,117.16396575547937
2024-12-07,2024-12-07,120.1905,117.1705064683407
2024-12-08,2024-12-08,31.67926,117.17685930899304
2024-12-09,2024-12-09,103.355659,117.18302967378503
2024-12-10,2024-12-10,103.979664,117.18902280406323
2024-12-11,2024-12-11,109.1376,117.19484379062436
2024-12-12,2024-12-12,107.944,117.20049757803963
2024-12-13,2024-12-13,103.065618,117.20598896885481
2024-12-14,2024-12-14,109.499237,117.2113226276697
2024-12-15,2024-12-15,77.19575,117.21650308510046
2024-12-16,2024-12-16,15.865,117.22153474162805
2024-12-17,2024-12-17,80.744169,117.2264218713362
2024-12-18,2024-12-18,20.664018,117.23116862554195
2024-12-19,2024-12-19,36.127728,117.23577903632199
2024-12-20,2024-12-20,82.305301,117.24025701993757
2024-12-21,2024-12-21,33.236307,117.24460638016126
2024-12-22,2024-12-22,0.0,117.24883081150789
2024-12-23,2024-12-23,78.589184,117.25293390237287
2024-12-24,2024-12-24,72.723742,117.25691913808035
2024-12-25,2024-12-25,71.204854,117.2607899038437
2024-12-26,2024-12-26,102.235634,117.26454948764113
2024-12-27,2024-12-27,101.2234,117.26820108300858
2024-12-28,2024-12-28,112.183722,117.2717477917524
2024-12-29,2024-12-29,111.888,117.27519262658424
2024-12-30,2024-12-30,61.298048,117.27853851368009
2024-12-31,2024-12-31,17.4027,117.28178829516587
2025-01-01,2025-01-01,7.657208,117.28494473153172
2025-01-02,2025-01-02,122.198706,117.2880105039768
2025-01-03,2025-01-03,118.114854,117.29098821668686
2025-01-04,2025-01-04,129.4332,117.29388039904624
2025-01-05,2025-01-05,107.887,117.29668950778657
2025-01-06,2025-01-06,87.753626,117.29941792907347
2025-01-07,2025-01-07,87.61632,117.30206798053355
2025-01-08,2025-01-08,119.15928,117.30464191322304
2025-01-09,2025-01-09,124.005229,117.30714191353995
2025-01-10,2025-01-10,99.8291,117.30957010508128
2025-01-11,2025-01-11,100.87844,117.31192855044686
2025-01-12,2025-01-12,138.4845,117.31421925299144
2025-01-13,2025-01-13,69.07439,117.31644415852637
2025-01-14,2025-01-14,97.011232,117.3186051569725
2025-01-15,2025-01-15,100.492416,117.32070408396551
2025-01-16,2025-01-16,102.110777,117.3227427224152
2025-01-17,2025-01-17,88.47266,117.32472280401994
2025-01-18,2025-01-18,97.14965,117.32664601073766
2025-01-19,2025-01-19,105.5,117.32851397621454
2025-01-20,2025-01-20,120.692,117.33032828717272
